{"cameraMode":{"drawMode":0,"name":"Shaded","section":"Shading Mode"},"sceneLighting":false,"audioPlay":false,"sceneViewState":{"m_AlwaysRefresh":false,"showFog":false,"showSkybox":false,"showFlares":false,"showImageEffects":false,"showParticleSystems":false,"showVisualEffectGraphs":true,"m_FxEnabled":true},"in2DMode":false,"pivot":{"x":0.8174144625663757,"y":1.447012186050415,"z":-0.03246454894542694},"rotation":{"x":-0.0005117073305882514,"y":-0.9698953032493591,"z":0.24352627992630006,"w":-0.0020387491676956417},"size":0.025356018915772439,"orthographic":false}