{"cameraMode":{"drawMode":0,"name":"Shaded","section":"Shading Mode"},"sceneLighting":false,"audioPlay":false,"sceneViewState":{"m_AlwaysRefresh":false,"showFog":true,"showSkybox":false,"showFlares":true,"showImageEffects":true,"showParticleSystems":true,"showVisualEffectGraphs":true,"m_FxEnabled":true},"in2DMode":false,"pivot":{"x":0.02605687826871872,"y":0.29871809482574465,"z":-0.0028233155608177187},"rotation":{"x":0.10263978689908982,"y":-0.8935555219650269,"z":0.3495616912841797,"w":0.2623710632324219},"size":0.40662863850593569,"orthographic":false}