{"cameraMode":{"drawMode":0,"name":"Shaded","section":"Shading Mode"},"sceneLighting":false,"audioPlay":false,"sceneViewState":{"m_AlwaysRefresh":false,"showFog":false,"showSkybox":false,"showFlares":false,"showImageEffects":false,"showParticleSystems":false,"showVisualEffectGraphs":true,"m_FxEnabled":true},"in2DMode":false,"pivot":{"x":0.0000012516975402832032,"y":0.9010657072067261,"z":0.02409382164478302},"rotation":{"x":-0.015041321516036988,"y":-0.9802391529083252,"z":0.17928366363048554,"w":-0.08224190026521683},"size":1.339774489402771,"orthographic":false}