{"cameraMode":{"drawMode":0,"name":"Shaded","section":"Shading Mode"},"sceneLighting":false,"audioPlay":false,"sceneViewState":{"m_AlwaysRefresh":false,"showFog":true,"showSkybox":false,"showFlares":true,"showImageEffects":true,"showParticleSystems":true,"showVisualEffectGraphs":true,"m_FxEnabled":true},"in2DMode":false,"pivot":{"x":-1.7077600955963135,"y":0.8646929264068604,"z":-12.797101974487305},"rotation":{"x":-0.39219900965690615,"y":0.45245063304901125,"z":-0.2314312607049942,"w":-0.7667554616928101},"size":1.3925703763961793,"orthographic":false}